"Model Number","Model Name","Learn Rate","Iterations","Number Of Leaves","Minimum Example Count Per Leaf","L1 Regularization","L2 Regularization","Win Rate","CallTrump Passed Tests","Discard Passed Tests","Play Passed Tests","Completion Time","Battle Command","Test Command"
"1","can5ad.1","0.125","75","31","200","0","0.01","0.50236",,"10",,"[2026/03/25 15:41:15]","dotnet run --project NemesisEuchre.Console -- -t1m gen4b -t2m gen4b -t2m-advanced-discard can5ad.1 -c 25000 -json output.json","dotnet run --project NemesisEuchre.Console -- test -m can5ad.1 -json output.json"
"2","can5ad.2","0.125","75","63","200","0","0.01","0.4964",,"10",,"[2026/03/25 16:09:54]","dotnet run --project NemesisEuchre.Console -- -t1m gen4b -t2m gen4b -t2m-advanced-discard can5ad.2 -c 25000 -json output.json","dotnet run --project NemesisEuchre.Console -- test -m can5ad.2 -json output.json"
"3","can5ad.3","0.125","75","127","200","0","0.01","0.49904",,"11",,"[2026/03/25 16:40:39]","dotnet run --project NemesisEuchre.Console -- -t1m gen4b -t2m gen4b -t2m-advanced-discard can5ad.3 -c 25000 -json output.json","dotnet run --project NemesisEuchre.Console -- test -m can5ad.3 -json output.json"
"4","can5ad.4","0.125","150","31","200","0","0.01","0.49968",,"10",,"[2026/03/25 17:13:44]","dotnet run --project NemesisEuchre.Console -- -t1m gen4b -t2m gen4b -t2m-advanced-discard can5ad.4 -c 25000 -json output.json","dotnet run --project NemesisEuchre.Console -- test -m can5ad.4 -json output.json"
"5","can5ad.5","0.125","150","63","200","0","0.01","0.49988",,"11",,"[2026/03/25 17:48:55]","dotnet run --project NemesisEuchre.Console -- -t1m gen4b -t2m gen4b -t2m-advanced-discard can5ad.5 -c 25000 -json output.json","dotnet run --project NemesisEuchre.Console -- test -m can5ad.5 -json output.json"
"6","can5ad.6","0.125","150","127","200","0","0.01","0.5002",,"12",,"[2026/03/25 18:26:44]","dotnet run --project NemesisEuchre.Console -- -t1m gen4b -t2m gen4b -t2m-advanced-discard can5ad.6 -c 25000 -json output.json","dotnet run --project NemesisEuchre.Console -- test -m can5ad.6 -json output.json"
"7","can5ad.7","0.125","225","31","200","0","0.01","0.49992",,"10",,"[2026/03/25 19:03:36]","dotnet run --project NemesisEuchre.Console -- -t1m gen4b -t2m gen4b -t2m-advanced-discard can5ad.7 -c 25000 -json output.json","dotnet run --project NemesisEuchre.Console -- test -m can5ad.7 -json output.json"
"8","can5ad.8","0.125","225","63","200","0","0.01","0.49836",,"12",,"[2026/03/25 19:43:51]","dotnet run --project NemesisEuchre.Console -- -t1m gen4b -t2m gen4b -t2m-advanced-discard can5ad.8 -c 25000 -json output.json","dotnet run --project NemesisEuchre.Console -- test -m can5ad.8 -json output.json"
"9","can5ad.9","0.125","225","127","200","0","0.01","0.496",,"12",,"[2026/03/25 20:26:04]","dotnet run --project NemesisEuchre.Console -- -t1m gen4b -t2m gen4b -t2m-advanced-discard can5ad.9 -c 25000 -json output.json","dotnet run --project NemesisEuchre.Console -- test -m can5ad.9 -json output.json"
"10","can5ad.10","0.25","75","31","200","0","0.01","0.5048",,"10",,"[2026/03/25 20:52:36]","dotnet run --project NemesisEuchre.Console -- -t1m gen4b -t2m gen4b -t2m-advanced-discard can5ad.10 -c 25000 -json output.json","dotnet run --project NemesisEuchre.Console -- test -m can5ad.10 -json output.json"
"11","can5ad.11","0.25","75","63","200","0","0.01","0.50356",,"12",,"[2026/03/25 21:20:16]","dotnet run --project NemesisEuchre.Console -- -t1m gen4b -t2m gen4b -t2m-advanced-discard can5ad.11 -c 25000 -json output.json","dotnet run --project NemesisEuchre.Console -- test -m can5ad.11 -json output.json"
"12","can5ad.12","0.25","75","127","200","0","0.01","0.50256",,"12",,"[2026/03/25 21:49:39]","dotnet run --project NemesisEuchre.Console -- -t1m gen4b -t2m gen4b -t2m-advanced-discard can5ad.12 -c 25000 -json output.json","dotnet run --project NemesisEuchre.Console -- test -m can5ad.12 -json output.json"
"13","can5ad.13","0.25","150","31","200","0","0.01","0.49728",,"10",,"[2026/03/25 22:20:17]","dotnet run --project NemesisEuchre.Console -- -t1m gen4b -t2m gen4b -t2m-advanced-discard can5ad.13 -c 25000 -json output.json","dotnet run --project NemesisEuchre.Console -- test -m can5ad.13 -json output.json"
"14","can5ad.14","0.25","150","63","200","0","0.01","0.4954",,"12",,"[2026/03/25 22:52:04]","dotnet run --project NemesisEuchre.Console -- -t1m gen4b -t2m gen4b -t2m-advanced-discard can5ad.14 -c 25000 -json output.json","dotnet run --project NemesisEuchre.Console -- test -m can5ad.14 -json output.json"
"15","can5ad.15","0.25","150","127","200","0","0.01","0.5016",,"12",,"[2026/03/25 23:25:13]","dotnet run --project NemesisEuchre.Console -- -t1m gen4b -t2m gen4b -t2m-advanced-discard can5ad.15 -c 25000 -json output.json","dotnet run --project NemesisEuchre.Console -- test -m can5ad.15 -json output.json"
"16","can5ad.16","0.25","225","31","200","0","0.01","0.50228",,"12",,"[2026/03/25 23:59:12]","dotnet run --project NemesisEuchre.Console -- -t1m gen4b -t2m gen4b -t2m-advanced-discard can5ad.16 -c 25000 -json output.json","dotnet run --project NemesisEuchre.Console -- test -m can5ad.16 -json output.json"
"17","can5ad.17","0.25","225","63","200","0","0.01","0.49984",,"12",,"[2026/03/26 00:35:11]","dotnet run --project NemesisEuchre.Console -- -t1m gen4b -t2m gen4b -t2m-advanced-discard can5ad.17 -c 25000 -json output.json","dotnet run --project NemesisEuchre.Console -- test -m can5ad.17 -json output.json"
"18","can5ad.18","0.25","225","127","200","0","0.01","0.50032",,"12",,"[2026/03/26 01:12:09]","dotnet run --project NemesisEuchre.Console -- -t1m gen4b -t2m gen4b -t2m-advanced-discard can5ad.18 -c 25000 -json output.json","dotnet run --project NemesisEuchre.Console -- test -m can5ad.18 -json output.json"
"19","can5ad.19","0.375","75","31","200","0","0.01","0.4998",,"10",,"[2026/03/26 01:37:45]","dotnet run --project NemesisEuchre.Console -- -t1m gen4b -t2m gen4b -t2m-advanced-discard can5ad.19 -c 25000 -json output.json","dotnet run --project NemesisEuchre.Console -- test -m can5ad.19 -json output.json"
"20","can5ad.20","0.375","75","63","200","0","0.01","0.49776",,"13",,"[2026/03/26 02:04:29]","dotnet run --project NemesisEuchre.Console -- -t1m gen4b -t2m gen4b -t2m-advanced-discard can5ad.20 -c 25000 -json output.json","dotnet run --project NemesisEuchre.Console -- test -m can5ad.20 -json output.json"
"21","can5ad.21","0.375","75","127","200","0","0.01","0.50096",,"12",,"[2026/03/26 02:32:10]","dotnet run --project NemesisEuchre.Console -- -t1m gen4b -t2m gen4b -t2m-advanced-discard can5ad.21 -c 25000 -json output.json","dotnet run --project NemesisEuchre.Console -- test -m can5ad.21 -json output.json"
"22","can5ad.22","0.375","150","31","200","0","0.01","0.49536",,"10",,"[2026/03/26 03:01:59]","dotnet run --project NemesisEuchre.Console -- -t1m gen4b -t2m gen4b -t2m-advanced-discard can5ad.22 -c 25000 -json output.json","dotnet run --project NemesisEuchre.Console -- test -m can5ad.22 -json output.json"
"23","can5ad.23","0.375","150","63","200","0","0.01","0.49768",,"13",,"[2026/03/26 03:32:46]","dotnet run --project NemesisEuchre.Console -- -t1m gen4b -t2m gen4b -t2m-advanced-discard can5ad.23 -c 25000 -json output.json","dotnet run --project NemesisEuchre.Console -- test -m can5ad.23 -json output.json"
"24","can5ad.24","0.375","150","127","200","0","0.01","0.50168",,"12",,"[2026/03/26 04:04:57]","dotnet run --project NemesisEuchre.Console -- -t1m gen4b -t2m gen4b -t2m-advanced-discard can5ad.24 -c 25000 -json output.json","dotnet run --project NemesisEuchre.Console -- test -m can5ad.24 -json output.json"
"25","can5ad.25","0.375","225","31","200","0","0.01","0.49844",,"12",,"[2026/03/26 04:38:19]","dotnet run --project NemesisEuchre.Console -- -t1m gen4b -t2m gen4b -t2m-advanced-discard can5ad.25 -c 25000 -json output.json","dotnet run --project NemesisEuchre.Console -- test -m can5ad.25 -json output.json"
"26","can5ad.26","0.375","225","63","200","0","0.01","0.49916",,"13",,"[2026/03/26 05:13:48]","dotnet run --project NemesisEuchre.Console -- -t1m gen4b -t2m gen4b -t2m-advanced-discard can5ad.26 -c 25000 -json output.json","dotnet run --project NemesisEuchre.Console -- test -m can5ad.26 -json output.json"
"27","can5ad.27","0.375","225","127","200","0","0.01","0.50044",,"12",,"[2026/03/26 05:49:55]","dotnet run --project NemesisEuchre.Console -- -t1m gen4b -t2m gen4b -t2m-advanced-discard can5ad.27 -c 25000 -json output.json","dotnet run --project NemesisEuchre.Console -- test -m can5ad.27 -json output.json"
"28","can5ad.28","0.125","75","31","300","0","0.01","0.50568",,"10",,"[2026/03/26 06:17:30]","dotnet run --project NemesisEuchre.Console -- -t1m gen4b -t2m gen4b -t2m-advanced-discard can5ad.28 -c 25000 -json output.json","dotnet run --project NemesisEuchre.Console -- test -m can5ad.28 -json output.json"
"29","can5ad.29","0.125","75","63","300","0","0.01","0.501",,"10",,"[2026/03/26 06:46:24]","dotnet run --project NemesisEuchre.Console -- -t1m gen4b -t2m gen4b -t2m-advanced-discard can5ad.29 -c 25000 -json output.json","dotnet run --project NemesisEuchre.Console -- test -m can5ad.29 -json output.json"
"30","can5ad.30","0.125","75","127","300","0","0.01","0.50128",,"11",,"[2026/03/26 07:17:08]","dotnet run --project NemesisEuchre.Console -- -t1m gen4b -t2m gen4b -t2m-advanced-discard can5ad.30 -c 25000 -json output.json","dotnet run --project NemesisEuchre.Console -- test -m can5ad.30 -json output.json"
"31","can5ad.31","0.125","150","31","300","0","0.01","0.49768",,"10",,"[2026/03/26 07:49:55]","dotnet run --project NemesisEuchre.Console -- -t1m gen4b -t2m gen4b -t2m-advanced-discard can5ad.31 -c 25000 -json output.json","dotnet run --project NemesisEuchre.Console -- test -m can5ad.31 -json output.json"
"32","can5ad.32","0.125","150","63","300","0","0.01","0.4956",,"11",,"[2026/03/26 08:25:18]","dotnet run --project NemesisEuchre.Console -- -t1m gen4b -t2m gen4b -t2m-advanced-discard can5ad.32 -c 25000 -json output.json","dotnet run --project NemesisEuchre.Console -- test -m can5ad.32 -json output.json"
"33","can5ad.33","0.125","150","127","300","0","0.01","0.49724",,"12",,"[2026/03/26 09:03:28]","dotnet run --project NemesisEuchre.Console -- -t1m gen4b -t2m gen4b -t2m-advanced-discard can5ad.33 -c 25000 -json output.json","dotnet run --project NemesisEuchre.Console -- test -m can5ad.33 -json output.json"
"34","can5ad.34","0.125","225","31","300","0","0.01","0.49552",,"10",,"[2026/03/26 09:41:12]","dotnet run --project NemesisEuchre.Console -- -t1m gen4b -t2m gen4b -t2m-advanced-discard can5ad.34 -c 25000 -json output.json","dotnet run --project NemesisEuchre.Console -- test -m can5ad.34 -json output.json"
"35","can5ad.35","0.125","225","63","300","0","0.01","0.49916",,"12",,"[2026/03/26 10:21:50]","dotnet run --project NemesisEuchre.Console -- -t1m gen4b -t2m gen4b -t2m-advanced-discard can5ad.35 -c 25000 -json output.json","dotnet run --project NemesisEuchre.Console -- test -m can5ad.35 -json output.json"
"36","can5ad.36","0.125","225","127","300","0","0.01","0.49744",,"12",,"[2026/03/26 11:06:07]","dotnet run --project NemesisEuchre.Console -- -t1m gen4b -t2m gen4b -t2m-advanced-discard can5ad.36 -c 25000 -json output.json","dotnet run --project NemesisEuchre.Console -- test -m can5ad.36 -json output.json"
"37","can5ad.37","0.25","75","31","300","0","0.01","0.50252",,"10",,"[2026/03/26 11:32:26]","dotnet run --project NemesisEuchre.Console -- -t1m gen4b -t2m gen4b -t2m-advanced-discard can5ad.37 -c 25000 -json output.json","dotnet run --project NemesisEuchre.Console -- test -m can5ad.37 -json output.json"
"38","can5ad.38","0.25","75","63","300","0","0.01","0.50168",,"12",,"[2026/03/26 12:00:06]","dotnet run --project NemesisEuchre.Console -- -t1m gen4b -t2m gen4b -t2m-advanced-discard can5ad.38 -c 25000 -json output.json","dotnet run --project NemesisEuchre.Console -- test -m can5ad.38 -json output.json"
"39","can5ad.39","0.25","75","127","300","0","0.01","0.50136",,"12",,"[2026/03/26 12:29:20]","dotnet run --project NemesisEuchre.Console -- -t1m gen4b -t2m gen4b -t2m-advanced-discard can5ad.39 -c 25000 -json output.json","dotnet run --project NemesisEuchre.Console -- test -m can5ad.39 -json output.json"
"40","can5ad.40","0.25","150","31","300","0","0.01","0.50132",,"10",,"[2026/03/26 12:59:53]","dotnet run --project NemesisEuchre.Console -- -t1m gen4b -t2m gen4b -t2m-advanced-discard can5ad.40 -c 25000 -json output.json","dotnet run --project NemesisEuchre.Console -- test -m can5ad.40 -json output.json"
"41","can5ad.41","0.25","150","63","300","0","0.01","0.50472",,"12",,"[2026/03/26 13:31:51]","dotnet run --project NemesisEuchre.Console -- -t1m gen4b -t2m gen4b -t2m-advanced-discard can5ad.41 -c 25000 -json output.json","dotnet run --project NemesisEuchre.Console -- test -m can5ad.41 -json output.json"
"42","can5ad.42","0.25","150","127","300","0","0.01","0.50072",,"12",,"[2026/03/26 14:06:04]","dotnet run --project NemesisEuchre.Console -- -t1m gen4b -t2m gen4b -t2m-advanced-discard can5ad.42 -c 25000 -json output.json","dotnet run --project NemesisEuchre.Console -- test -m can5ad.42 -json output.json"
"43","can5ad.43","0.25","225","31","300","0","0.01","0.49756",,"12",,"[2026/03/26 14:40:11]","dotnet run --project NemesisEuchre.Console -- -t1m gen4b -t2m gen4b -t2m-advanced-discard can5ad.43 -c 25000 -json output.json","dotnet run --project NemesisEuchre.Console -- test -m can5ad.43 -json output.json"
"44","can5ad.44","0.25","225","63","300","0","0.01","0.496",,"12",,"[2026/03/26 15:17:23]","dotnet run --project NemesisEuchre.Console -- -t1m gen4b -t2m gen4b -t2m-advanced-discard can5ad.44 -c 25000 -json output.json","dotnet run --project NemesisEuchre.Console -- test -m can5ad.44 -json output.json"
"45","can5ad.45","0.25","225","127","300","0","0.01","0.50208",,"13",,"[2026/03/26 15:54:41]","dotnet run --project NemesisEuchre.Console -- -t1m gen4b -t2m gen4b -t2m-advanced-discard can5ad.45 -c 25000 -json output.json","dotnet run --project NemesisEuchre.Console -- test -m can5ad.45 -json output.json"
"46","can5ad.46","0.375","75","31","300","0","0.01","0.50356",,"10",,"[2026/03/26 16:20:45]","dotnet run --project NemesisEuchre.Console -- -t1m gen4b -t2m gen4b -t2m-advanced-discard can5ad.46 -c 25000 -json output.json","dotnet run --project NemesisEuchre.Console -- test -m can5ad.46 -json output.json"
"47","can5ad.47","0.375","75","63","300","0","0.01","0.49804",,"13",,"[2026/03/26 16:47:48]","dotnet run --project NemesisEuchre.Console -- -t1m gen4b -t2m gen4b -t2m-advanced-discard can5ad.47 -c 25000 -json output.json","dotnet run --project NemesisEuchre.Console -- test -m can5ad.47 -json output.json"
"48","can5ad.48","0.375","75","127","300","0","0.01","0.5038",,"12",,"[2026/03/26 17:15:43]","dotnet run --project NemesisEuchre.Console -- -t1m gen4b -t2m gen4b -t2m-advanced-discard can5ad.48 -c 25000 -json output.json","dotnet run --project NemesisEuchre.Console -- test -m can5ad.48 -json output.json"
"49","can5ad.49","0.375","150","31","300","0","0.01","0.49792",,"10",,"[2026/03/26 17:46:03]","dotnet run --project NemesisEuchre.Console -- -t1m gen4b -t2m gen4b -t2m-advanced-discard can5ad.49 -c 25000 -json output.json","dotnet run --project NemesisEuchre.Console -- test -m can5ad.49 -json output.json"
"50","can5ad.50","0.375","150","63","300","0","0.01","0.49816",,"13",,"[2026/03/26 18:16:57]","dotnet run --project NemesisEuchre.Console -- -t1m gen4b -t2m gen4b -t2m-advanced-discard can5ad.50 -c 25000 -json output.json","dotnet run --project NemesisEuchre.Console -- test -m can5ad.50 -json output.json"
"51","can5ad.51","0.375","150","127","300","0","0.01","0.50168",,"12",,"[2026/03/26 18:49:15]","dotnet run --project NemesisEuchre.Console -- -t1m gen4b -t2m gen4b -t2m-advanced-discard can5ad.51 -c 25000 -json output.json","dotnet run --project NemesisEuchre.Console -- test -m can5ad.51 -json output.json"
"52","can5ad.52","0.375","225","31","300","0","0.01","0.50176",,"12",,"[2026/03/26 19:22:18]","dotnet run --project NemesisEuchre.Console -- -t1m gen4b -t2m gen4b -t2m-advanced-discard can5ad.52 -c 25000 -json output.json","dotnet run --project NemesisEuchre.Console -- test -m can5ad.52 -json output.json"
"53","can5ad.53","0.375","225","63","300","0","0.01","0.50176",,"13",,"[2026/03/26 19:57:33]","dotnet run --project NemesisEuchre.Console -- -t1m gen4b -t2m gen4b -t2m-advanced-discard can5ad.53 -c 25000 -json output.json","dotnet run --project NemesisEuchre.Console -- test -m can5ad.53 -json output.json"
"54","can5ad.54","0.375","225","127","300","0","0.01","0.50176",,"12",,"[2026/03/26 20:34:14]","dotnet run --project NemesisEuchre.Console -- -t1m gen4b -t2m gen4b -t2m-advanced-discard can5ad.54 -c 25000 -json output.json","dotnet run --project NemesisEuchre.Console -- test -m can5ad.54 -json output.json"
"55","can5ad.55","0.75","25","31","300","0","0.05","0.4978",,"11",,"[2026/04/15 14:41:45]","dotnet run --project NemesisEuchre.Console -- -t1m gen4b -t2m gen4b -t2m-advanced-discard can5ad.55 -c 25000 -json output.json","dotnet run --project NemesisEuchre.Console -- test -m can5ad.55 -json output.json"
"56","can5ad.56","0.5","25","31","300","0","0.05","0.49572",,"11",,"[2026/04/15 15:04:45]","dotnet run --project NemesisEuchre.Console -- -t1m gen4b -t2m gen4b -t2m-advanced-discard can5ad.56 -c 25000 -json output.json","dotnet run --project NemesisEuchre.Console -- test -m can5ad.56 -json output.json"
"57","can5ad.57","1","25","31","300","0","0.05","0.4992",,"13",,"[2026/04/15 15:28:16]","dotnet run --project NemesisEuchre.Console -- -t1m gen4b -t2m gen4b -t2m-advanced-discard can5ad.57 -c 25000 -json output.json","dotnet run --project NemesisEuchre.Console -- test -m can5ad.57 -json output.json"
"58","can5ad.58","0.75","25","31","300","0","0.01","0.49896",,"11",,"[2026/04/15 15:51:21]","dotnet run --project NemesisEuchre.Console -- -t1m gen4b -t2m gen4b -t2m-advanced-discard can5ad.58 -c 25000 -json output.json","dotnet run --project NemesisEuchre.Console -- test -m can5ad.58 -json output.json"
"59","can5ad.59","0.5","25","31","300","0","0.01","0.49588",,"11",,"[2026/04/15 16:14:35]","dotnet run --project NemesisEuchre.Console -- -t1m gen4b -t2m gen4b -t2m-advanced-discard can5ad.59 -c 25000 -json output.json","dotnet run --project NemesisEuchre.Console -- test -m can5ad.59 -json output.json"
"60","can5ad.60","1","25","31","300","0","0.01","0.502",,"13",,"[2026/04/15 16:37:34]","dotnet run --project NemesisEuchre.Console -- -t1m gen4b -t2m gen4b -t2m-advanced-discard can5ad.60 -c 25000 -json output.json","dotnet run --project NemesisEuchre.Console -- test -m can5ad.60 -json output.json"
"61","can5ad.61","0.75","50","31","300","0","0.05","0.49344",,"10",,"[2026/04/15 17:03:55]","dotnet run --project NemesisEuchre.Console -- -t1m gen4b -t2m gen4b -t2m-advanced-discard can5ad.61 -c 25000 -json output.json","dotnet run --project NemesisEuchre.Console -- test -m can5ad.61 -json output.json"
"62","can5ad.62","0.5","50","31","300","0","0.05","0.49524",,"13",,"[2026/04/15 17:28:23]","dotnet run --project NemesisEuchre.Console -- -t1m gen4b -t2m gen4b -t2m-advanced-discard can5ad.62 -c 25000 -json output.json","dotnet run --project NemesisEuchre.Console -- test -m can5ad.62 -json output.json"
"63","can5ad.63","1","50","31","300","0","0.05","0.50324",,"12",,"[2026/04/15 17:52:41]","dotnet run --project NemesisEuchre.Console -- -t1m gen4b -t2m gen4b -t2m-advanced-discard can5ad.63 -c 25000 -json output.json","dotnet run --project NemesisEuchre.Console -- test -m can5ad.63 -json output.json"
"64","can5ad.64","0.75","50","31","300","0","0.01","0.49944",,"10",,"[2026/04/15 18:17:13]","dotnet run --project NemesisEuchre.Console -- -t1m gen4b -t2m gen4b -t2m-advanced-discard can5ad.64 -c 25000 -json output.json","dotnet run --project NemesisEuchre.Console -- test -m can5ad.64 -json output.json"
"65","can5ad.65","0.5","50","31","300","0","0.01","0.50152",,"13",,"[2026/04/15 18:41:55]","dotnet run --project NemesisEuchre.Console -- -t1m gen4b -t2m gen4b -t2m-advanced-discard can5ad.65 -c 25000 -json output.json","dotnet run --project NemesisEuchre.Console -- test -m can5ad.65 -json output.json"
"66","can5ad.66","1","50","31","300","0","0.01","0.49836",,"12",,"[2026/04/15 19:06:12]","dotnet run --project NemesisEuchre.Console -- -t1m gen4b -t2m gen4b -t2m-advanced-discard can5ad.66 -c 25000 -json output.json","dotnet run --project NemesisEuchre.Console -- test -m can5ad.66 -json output.json"
"67","can5ad.67","0.75","25","63","300","0","0.05","0.50004",,"10",,"[2026/04/15 19:29:35]","dotnet run --project NemesisEuchre.Console -- -t1m gen4b -t2m gen4b -t2m-advanced-discard can5ad.67 -c 25000 -json output.json","dotnet run --project NemesisEuchre.Console -- test -m can5ad.67 -json output.json"
"68","can5ad.68","0.5","25","63","300","0","0.05","0.49976",,"10",,"[2026/04/15 19:53:04]","dotnet run --project NemesisEuchre.Console -- -t1m gen4b -t2m gen4b -t2m-advanced-discard can5ad.68 -c 25000 -json output.json","dotnet run --project NemesisEuchre.Console -- test -m can5ad.68 -json output.json"
"69","can5ad.69","1","25","63","300","0","0.05","0.49284",,"12",,"[2026/04/15 20:16:21]","dotnet run --project NemesisEuchre.Console -- -t1m gen4b -t2m gen4b -t2m-advanced-discard can5ad.69 -c 25000 -json output.json","dotnet run --project NemesisEuchre.Console -- test -m can5ad.69 -json output.json"
"70","can5ad.70","0.75","25","63","300","0","0.01","0.50052",,"10",,"[2026/04/15 20:39:33]","dotnet run --project NemesisEuchre.Console -- -t1m gen4b -t2m gen4b -t2m-advanced-discard can5ad.70 -c 25000 -json output.json","dotnet run --project NemesisEuchre.Console -- test -m can5ad.70 -json output.json"
"71","can5ad.71","0.5","25","63","300","0","0.01","0.50052",,"10",,"[2026/04/15 21:03:21]","dotnet run --project NemesisEuchre.Console -- -t1m gen4b -t2m gen4b -t2m-advanced-discard can5ad.71 -c 25000 -json output.json","dotnet run --project NemesisEuchre.Console -- test -m can5ad.71 -json output.json"
"72","can5ad.72","1","25","63","300","0","0.01","0.49428",,"12",,"[2026/04/15 21:26:50]","dotnet run --project NemesisEuchre.Console -- -t1m gen4b -t2m gen4b -t2m-advanced-discard can5ad.72 -c 25000 -json output.json","dotnet run --project NemesisEuchre.Console -- test -m can5ad.72 -json output.json"
"73","can5ad.73","0.75","50","63","300","0","0.05","0.50084",,"10",,"[2026/04/15 21:52:08]","dotnet run --project NemesisEuchre.Console -- -t1m gen4b -t2m gen4b -t2m-advanced-discard can5ad.73 -c 25000 -json output.json","dotnet run --project NemesisEuchre.Console -- test -m can5ad.73 -json output.json"
"74","can5ad.74","0.5","50","63","300","0","0.05","0.49984",,"12",,"[2026/04/15 22:17:31]","dotnet run --project NemesisEuchre.Console -- -t1m gen4b -t2m gen4b -t2m-advanced-discard can5ad.74 -c 25000 -json output.json","dotnet run --project NemesisEuchre.Console -- test -m can5ad.74 -json output.json"
"75","can5ad.75","1","50","63","300","0","0.05","0.49776",,"11",,"[2026/04/15 22:42:42]","dotnet run --project NemesisEuchre.Console -- -t1m gen4b -t2m gen4b -t2m-advanced-discard can5ad.75 -c 25000 -json output.json","dotnet run --project NemesisEuchre.Console -- test -m can5ad.75 -json output.json"
"76","can5ad.76","0.75","50","63","300","0","0.01","0.499",,"10",,"[2026/04/15 23:07:50]","dotnet run --project NemesisEuchre.Console -- -t1m gen4b -t2m gen4b -t2m-advanced-discard can5ad.76 -c 25000 -json output.json","dotnet run --project NemesisEuchre.Console -- test -m can5ad.76 -json output.json"
"77","can5ad.77","0.5","50","63","300","0","0.01","0.49308",,"12",,"[2026/04/15 23:32:55]","dotnet run --project NemesisEuchre.Console -- -t1m gen4b -t2m gen4b -t2m-advanced-discard can5ad.77 -c 25000 -json output.json","dotnet run --project NemesisEuchre.Console -- test -m can5ad.77 -json output.json"
"78","can5ad.78","1","50","63","300","0","0.01","0.49776",,"11",,"[2026/04/15 23:57:55]","dotnet run --project NemesisEuchre.Console -- -t1m gen4b -t2m gen4b -t2m-advanced-discard can5ad.78 -c 25000 -json output.json","dotnet run --project NemesisEuchre.Console -- test -m can5ad.78 -json output.json"
