"Model Number","Model Name","Temperature","Learn Rate","Iterations","Number Of Leaves","Minimum Example Count Per Leaf","Win Rate vs Gen1c","CallTrump Passed Tests"
"1","can3.1","","0.5","200","64","150","0.50684","17"
"2","can3.2","","0.75","200","64","150","0.50704","17"
"3","can3.3","","1","200","64","150","0.49436","14"
"4","can3.4","","0.5","300","64","150","0.50972","14"
"5","can3.5","","0.75","300","64","150","0.5068","15"
"6","can3.6","","1","300","64","150","0.4962","17"
"7","can3.7","","0.5","400","64","150","0.5064","16"
"8","can3.8","","0.75","400","64","150","0.5006","15"
"9","can3.9","","1","400","64","150","0.49048","16"
"10","can3.10","","0.5","200","64","200","0.50692","15"
"11","can3.11","","0.75","200","64","200","0.51096","16"
"12","can3.12","","1","200","64","200","0.4936","16"
"13","can3.13","","0.5","300","64","200","0.50328","14"
"14","can3.14","","0.75","300","64","200","0.5086","17"
"15","can3.15","","1","300","64","200","0.49516","16"
"16","can3.16","","0.5","400","64","200","0.50308","14"
"17","can3.17","","0.75","400","64","200","0.50504","16"
"18","can3.18","","1","400","64","200","0.484","16"
"19","can3.19","","0.5","200","64","300","0.51164","17"
"20","can3.20","","0.75","200","64","300","0.50904","11"
"21","can3.21","","1","200","64","300","0.49084","12"
"22","can3.22","","0.5","300","64","300","0.50824","17"
"23","can3.23","","0.75","300","64","300","0.50788","12"
"24","can3.24","","1","300","64","300","0.49716","13"
"25","can3.25","","0.5","400","64","300","0.50156","17"
"26","can3.26","","0.75","400","64","300","0.49892","16"
"27","can3.27","","1","400","64","300","0.48404","16"
"28","can3.28","","0.5","200","96","150","0.51124","16"
"29","can3.29","","0.75","200","96","150","0.5052","13"
"30","can3.30","","1","200","96","150","0.49904","17"
"31","can3.31","","0.5","300","96","150","0.50828","16"
"32","can3.32","","0.75","300","96","150","0.50468","17"
"33","can3.33","","1","300","96","150","0.49412","18"
"34","can3.34","","0.5","400","96","150","0.50524","16"
"35","can3.35","","0.75","400","96","150","0.50768","17"
"36","can3.36","","1","400","96","150","0.4836","17"
"37","can3.37","","0.5","200","96","200","0.50924","15"
"38","can3.38","","0.75","200","96","200","0.50764","15"
"39","can3.39","","1","200","96","200","0.49116","13"
"40","can3.40","","0.5","300","96","200","0.50064","15"
"41","can3.41","","0.75","300","96","200","0.50312","13"
"42","can3.42","","1","300","96","200","0.49348","16"
"43","can3.43","","0.5","400","96","200","0.50664","15"
"44","can3.44","","0.75","400","96","200","0.49952","16"
"45","can3.45","","1","400","96","200","0.48632","15"
"46","can3.46","","0.5","200","96","300","0.51732","14"
"47","can3.47","","0.75","200","96","300","0.50904","16"
"48","can3.48","","1","200","96","300","0.49928","18"
"49","can3.49","","0.5","300","96","300","0.51296","13"
"50","can3.50","","0.75","300","96","300","0.50184","17"
"51","can3.51","","1","300","96","300","0.4884","17"
"52","can3.52","","0.5","400","96","300","0.50344","13"
"53","can3.53","","0.75","400","96","300","0.5048","14"
"54","can3.54","","1","400","96","300","0.49128","18"
"55","can3.55","","0.5","200","128","150","0.51272","17"
"56","can3.56","","0.75","200","128","150","0.5152","15"
"57","can3.57","","1","200","128","150","0.4998","14"
"58","can3.58","","0.5","300","128","150","0.50904","16"
"59","can3.59","","0.75","300","128","150","0.5156","15"
"60","can3.60","","1","300","128","150","0.49564","14"
"61","can3.61","","0.5","400","128","150","0.5034","17"
"62","can3.62","","0.75","400","128","150","0.50184","13"
"63","can3.63","","1","400","128","150","0.48908","12"
"64","can3.64","","0.5","200","128","200","0.51388","16"
"65","can3.65","","0.75","200","128","200","0.51148","14"
"66","can3.66","","1","200","128","200","0.49536","12"
"67","can3.67","","0.5","300","128","200","0.50944","16"
"68","can3.68","","0.75","300","128","200","0.50948","15"
"69","can3.69","","1","300","128","200","0.49568","13"
"70","can3.70","","0.5","400","128","200","0.50048","16"
"71","can3.71","","0.75","400","128","200","0.50404","15"
"72","can3.72","","1","400","128","200","0.49332","11"
"73","can3.73","","0.5","200","128","300","0.5102","12"
"74","can3.74","","0.75","200","128","300","0.51616","14"
"75","can3.75","","1","200","128","300","0.49936","16"
"76","can3.76","","0.5","300","128","300","0.51352","13"
"77","can3.77","","0.75","300","128","300","0.5088","14"
"78","can3.78","","1","300","128","300","0.49452","16"
"79","can3.79","","0.5","400","128","300","0.50004","16"
"80","can3.80","","0.75","400","128","300","0.50568","14"
"81","can3.81","","1","400","128","300","0.4892","16"
"82","can3.82","","0.25","200","64","150","0.48868","16"
"83","can3.83","","0.25","300","64","150","0.48512","11"
"84","can3.84","","0.25","400","64","150","0.4826","15"
"85","can3.85","","0.25","200","64","200","0.48428","15"
"86","can3.86","","0.25","300","64","200","0.49024","15"
"87","can3.87","","0.25","400","64","200","0.48532","13"
"88","can3.88","","0.25","200","64","300","0.49664","15"
"89","can3.89","","0.25","300","64","300","0.49356","15"
"90","can3.90","","0.25","400","64","300","0.4798","15"
"91","can3.91","","0.25","200","96","150","0.48844","16"
"92","can3.92","","0.25","300","96","150","0.49412","15"
"93","can3.93","","0.25","400","96","150","0.48904","15"
"94","can3.94","","0.25","200","96","200","0.48584","16"
"95","can3.95","","0.25","300","96","200","0.48988","15"
"96","can3.96","","0.25","400","96","200","0.4894","15"
"97","can3.97","","0.25","200","96","300","0.49716","14"
"98","can3.98","","0.25","300","96","300","0.49204","14"
"99","can3.99","","0.25","400","96","300","0.48484","15"
"100","can3.100","","0.25","200","128","150","0.4974","18"
"101","can3.101","","0.25","300","128","150","0.49256","15"
"102","can3.102","","0.25","400","128","150","0.48692","14"
"103","can3.103","","0.25","200","128","200","0.50228","14"
"104","can3.104","","0.25","300","128","200","0.4956","14"
"105","can3.105","","0.25","400","128","200","0.49","14"
"106","can3.106","","0.25","200","128","300","0.50256","14"
"107","can3.107","","0.25","300","128","300","0.50344","15"
"108","can3.108","","0.25","400","128","300","0.4888","14"
"109","can3.109","","0.25","200","192","150","0.50096","15"
"110","can3.110","","0.5","200","192","150","0.51844","17"
"111","can3.111","","0.75","200","192","150","0.51408","13"
"112","can3.112","","0.25","300","192","150","0.48952","15"
"113","can3.113","","0.5","300","192","150","0.5158","17"
"114","can3.114","","0.75","300","192","150","0.51332","13"
"115","can3.115","","0.25","400","192","150","0.4882","15"
"116","can3.116","","0.5","400","192","150","0.50556","18"
"117","can3.117","","0.75","400","192","150","0.50344","15"
"118","can3.118","","0.25","200","192","200","0.50252","15"
"119","can3.119","","0.5","200","192","200","0.51372","15"
"120","can3.120","","0.75","200","192","200","0.51128","14"
"121","can3.121","","0.25","300","192","200","0.49332","13"
"122","can3.122","","0.5","300","192","200","0.51208","19"
"123","can3.123","","0.75","300","192","200","0.50812","14"
"124","can3.124","","0.25","400","192","200","0.49144","14"
"125","can3.125","","0.5","400","192","200","0.50024","19"
"126","can3.126","","0.75","400","192","200","0.50228","18"
"127","can3.127","","0.25","200","192","300","0.49628","13"
"128","can3.128","","0.5","200","192","300","0.51432","17"
"129","can3.129","","0.75","200","192","300","0.51156","14"
"130","can3.130","","0.25","300","192","300","0.49312","14"
"131","can3.131","","0.5","300","192","300","0.50844","17"
"132","can3.132","","0.75","300","192","300","0.50912","13"
"133","can3.133","","0.25","400","192","300","0.48652","14"
"134","can3.134","","0.5","400","192","300","0.50584","15"
"135","can3.135","","0.75","400","192","300","0.49836","15"
"136","can3.136","","0.5","200","256","150","0.51556","12"
"137","can3.137","","0.75","200","256","150","0.51444","13"
"138","can3.138","","0.5","300","256","150","0.51964","13"
"139","can3.139","","0.75","300","256","150","0.51084","14"
"140","can3.140","","0.5","200","256","200","0.51372","12"
"141","can3.141","","0.75","200","256","200","0.50428","12"
"142","can3.142","","0.5","300","256","200","0.5094","14"
"143","can3.143","","0.75","300","256","200","0.50928","13"
"144","can3.144","","0.5","200","256","300","0.51444","13"
"145","can3.145","","0.75","200","256","300","0.51128","17"
"146","can3.146","","0.5","300","256","300","0.5084","13"
"147","can3.147","","0.75","300","256","300","0.5088","17"
"148","can3.148","","0.5","200","256","400","0.52192","14"
"149","can3.149","","0.75","200","256","400","0.51056","15"
"150","can3.150","","0.5","300","256","400","0.51148","15"
"151","can3.151","","0.75","300","256","400","0.5104","12"
"152","can3.152","","0.5","200","320","150","0.51128","15"
"153","can3.153","","0.75","200","320","150","0.51632","17"
"154","can3.154","","0.5","300","320","150","0.5108","15"
"155","can3.155","","0.75","300","320","150","0.50788","14"
"156","can3.156","","0.5","200","320","200","0.5138","16"
"157","can3.157","","0.75","200","320","200","0.5136","12"
"158","can3.158","","0.5","300","320","200","0.51236","16"
"159","can3.159","","0.75","300","320","200","0.51408","14"
"160","can3.160","","0.5","200","320","300","0.51692","18"
"161","can3.161","","0.75","200","320","300","0.51236","14"
"162","can3.162","","0.5","300","320","300","0.5112","16"
"163","can3.163","","0.75","300","320","300","0.5072","14"
"164","can3.164","","0.5","200","320","400","0.51148","13"
"165","can3.165","","0.75","200","320","400","0.50296","14"
"166","can3.166","","0.5","300","320","400","0.50756","13"
"167","can3.167","","0.75","300","320","400","0.50116","14"
"168","can3.168","","0.5","200","416","200","0.51748","15"
"169","can3.169","","0.75","200","416","200","0.5166","15"
"170","can3.170","","0.5","300","416","200","0.51636","13"
"171","can3.171","","0.75","300","416","200","0.50844","15"
"172","can3.172","","0.5","200","416","300","0.51904","16"
"173","can3.173","","0.75","200","416","300","0.51224","16"
"174","can3.174","","0.5","300","416","300","0.50716","17"
"175","can3.175","","0.75","300","416","300","0.51136","16"
"176","can3.176","","0.5","200","416","400","0.5186","16"
"177","can3.177","","0.75","200","416","400","0.50812","17"
"178","can3.178","","0.5","300","416","400","0.50988","13"
"179","can3.179","","0.75","300","416","400","0.50668","17"
"180","can3.180","","0.5","200","416","600","0.51668","15"
"181","can3.181","","0.75","200","416","600","0.51504","13"
"182","can3.182","","0.5","300","416","600","0.51712","19"
"183","can3.183","","0.75","300","416","600","0.50452","16"
"184","can3.184","","0.5","200","512","200","0.51812","19"
"185","can3.185","","0.75","200","512","200","0.51092","14"
"186","can3.186","","0.5","300","512","200","0.516","20"
"187","can3.187","","0.75","300","512","200","0.50816","15"
"188","can3.188","","0.5","200","512","300","0.51596","14"
"189","can3.189","","0.75","200","512","300","0.50824","16"
"190","can3.190","","0.5","300","512","300","0.50876","18"
"191","can3.191","","0.75","300","512","300","0.5006","16"
"192","can3.192","","0.5","200","512","400","0.51916","16"
"193","can3.193","","0.75","200","512","400","0.51248","15"
"194","can3.194","","0.5","300","512","400","0.51572","15"
"195","can3.195","","0.75","300","512","400","0.50264","16"
"196","can3.196","","0.5","200","512","600","0.51276","15"
"197","can3.197","","0.75","200","512","600","0.51128","16"
"198","can3.198","","0.5","300","512","600","0.50852","17"
"199","can3.199","","0.75","300","512","600","0.50364","18"
"200","can3.200","","0.5","200","640","200","0.52128","16"
"201","can3.201","","0.625","200","640","200","0.51056","12"
"202","can3.202","","0.75","200","640","200","0.51892","15"
"203","can3.203","","0.5","300","640","200","0.5134","13"
"204","can3.204","","0.625","300","640","200","0.50844","13"
"205","can3.205","","0.75","300","640","200","0.49988","14"
"206","can3.206","","0.5","400","640","200","0.5016","14"
"207","can3.207","","0.625","400","640","200","0.49916","13"
"208","can3.208","","0.75","400","640","200","0.49428","12"
"209","can3.209","","0.5","200","640","300","0.50976","15"
"210","can3.210","","0.625","200","640","300","0.51924","17"
"211","can3.211","","0.75","200","640","300","0.52128","14"
"212","can3.212","","0.5","300","640","300","0.50848","14"
"213","can3.213","","0.625","300","640","300","0.50924","17"
"214","can3.214","","0.75","300","640","300","0.50148","15"
"215","can3.215","","0.5","400","640","300","0.49904","17"
"216","can3.216","","0.625","400","640","300","0.496","15"
"217","can3.217","","0.75","400","640","300","0.4958","14"
"218","can3.218","","0.5","200","640","400","0.5132","17"
"219","can3.219","","0.625","200","640","400","0.5188","14"
"220","can3.220","","0.75","200","640","400","0.51972","15"
"221","can3.221","","0.5","300","640","400","0.5138","16"
"222","can3.222","","0.625","300","640","400","0.51268","16"
"223","can3.223","","0.75","300","640","400","0.50708","16"
"224","can3.224","","0.5","400","640","400","0.50324","14"
"225","can3.225","","0.625","400","640","400","0.49084","14"
"226","can3.226","","0.75","400","640","400","0.49408","16"
"227","can3.227","","0.5","200","640","600","0.51964","18"
"228","can3.228","","0.625","200","640","600","0.5146","14"
"229","can3.229","","0.75","200","640","600","0.50676","10"
"230","can3.230","","0.5","300","640","600","0.51","13"
"231","can3.231","","0.625","300","640","600","0.5092","12"
"232","can3.232","","0.75","300","640","600","0.51288","11"
"233","can3.233","","0.5","400","640","600","0.50208","13"
"234","can3.234","","0.625","400","640","600","0.49728","12"
"235","can3.235","","0.75","400","640","600","0.49476","16"
"236","can3.236","","0.5","200","768","200","0.51164","13"
"237","can3.237","","0.625","200","768","200","0.51956","16"
"238","can3.238","","0.75","200","768","200","0.51168","13"
"239","can3.239","","0.5","300","768","200","0.50804","16"
"240","can3.240","","0.625","300","768","200","0.4938","12"
"241","can3.241","","0.75","300","768","200","0.50788","14"
"242","can3.242","","0.5","400","768","200","0.50108","14"
"243","can3.243","","0.625","400","768","200","0.49468","13"
"244","can3.244","","0.75","400","768","200","0.49168","11"
"245","can3.245","","0.5","200","768","300","0.5198","13"
"246","can3.246","","0.625","200","768","300","0.5152","10"
"247","can3.247","","0.75","200","768","300","0.512","12"
"248","can3.248","","0.5","300","768","300","0.50696","12"
"249","can3.249","","0.625","300","768","300","0.49764","10"
"250","can3.250","","0.75","300","768","300","0.4984","16"
"251","can3.251","","0.5","400","768","300","0.4974","13"
"252","can3.252","","0.625","400","768","300","0.50104","15"
"253","can3.253","","0.75","400","768","300","0.49372","11"
"254","can3.254","","0.5","200","768","400","0.51416","16"
"255","can3.255","","0.625","200","768","400","0.51208","11"
"256","can3.256","","0.75","200","768","400","0.51236","12"
"257","can3.257","","0.5","300","768","400","0.50576","12"
"258","can3.258","","0.625","300","768","400","0.498","13"
"259","can3.259","","0.75","300","768","400","0.4956","16"
"260","can3.260","","0.5","400","768","400","0.49272","13"
"261","can3.261","","0.625","400","768","400","0.49232","16"
"262","can3.262","","0.75","400","768","400","0.49376","16"
"263","can3.263","","0.5","200","768","600","0.51576","13"
"264","can3.264","","0.625","200","768","600","0.5144","14"
"265","can3.265","","0.75","200","768","600","0.50924","12"
"266","can3.266","","0.5","300","768","600","0.50852","14"
"267","can3.267","","0.625","300","768","600","0.50604","15"
"268","can3.268","","0.75","300","768","600","0.4932","11"
"269","can3.269","","0.5","400","768","600","0.49388","16"
"270","can3.270","","0.625","400","768","600","0.50004","16"
"271","can3.271","","0.75","400","768","600","0.48696","10"
